{
  "token_acc": 0.999603615,
  "token_p": 0.9991808044,
  "token_r": 0.9990356034,
  "token_f": 0.9991081986,
  "tag_acc": 0.9779237341,
  "pos_acc": 0.9829059264,
  "morph_acc": 0.9157057996,
  "morph_micro_p": 0.9564783088,
  "morph_micro_r": 0.9564616448,
  "morph_micro_f": 0.9564699767,
  "morph_per_feat": {
    "Case": {
      "p": 0.9176134834,
      "r": 0.9196190065,
      "f": 0.9186151503
    },
    "Definite": {
      "p": 0.9956739526,
      "r": 0.9974908759,
      "f": 0.9965815861
    },
    "Gender": {
      "p": 0.9394406457,
      "r": 0.9461221495,
      "f": 0.9427695596
    },
    "Number": {
      "p": 0.9738498565,
      "r": 0.9747973129,
      "f": 0.9743233544
    },
    "PronType": {
      "p": 0.9927683432,
      "r": 0.9906754237,
      "f": 0.9917207792
    },
    "Degree": {
      "p": 0.9804886623,
      "r": 0.9736428696,
      "f": 0.9770537747
    },
    "VerbForm": {
      "p": 0.9580472103,
      "r": 0.9587673145,
      "f": 0.9584071271
    },
    "Mood": {
      "p": 0.9695244474,
      "r": 0.9600397944,
      "f": 0.9647588103
    },
    "Person": {
      "p": 0.9782790309,
      "r": 0.970441989,
      "f": 0.9743447511
    },
    "Tense": {
      "p": 0.9721149001,
      "r": 0.9627349859,
      "f": 0.9674022066
    },
    "Reflex": {
      "p": 1.0,
      "r": 0.9928909953,
      "f": 0.9964328181
    },
    "Poss": {
      "p": 0.9979338843,
      "r": 0.9979338843,
      "f": 0.9979338843
    },
    "Foreign": {
      "p": 0.7857142857,
      "r": 0.1658291457,
      "f": 0.2738589212
    }
  },
  "sents_p": 0.9507820647,
  "sents_r": 0.9584613442,
  "sents_f": 0.9464396928,
  "dep_uas": 0.9256404477,
  "dep_las": 0.9061077304,
  "dep_las_per_type": {
    "cp": {
      "p": 0.9546279492,
      "r": 0.9616087751,
      "f": 0.9581056466
    },
    "nk": {
      "p": 0.9780500669,
      "r": 0.9816745398,
      "f": 0.9798589517
    },
    "sb": {
      "p": 0.9188906332,
      "r": 0.9240484126,
      "f": 0.9214623054
    },
    "ag": {
      "p": 0.9526659412,
      "r": 0.9679380873,
      "f": 0.9602412942
    },
    "mnr": {
      "p": 0.7467667918,
      "r": 0.7524169819,
      "f": 0.7495812395
    },
    "mo": {
      "p": 0.7953391097,
      "r": 0.8078090229,
      "f": 0.8015255683
    },
    "oc": {
      "p": 0.9196560925,
      "r": 0.9337748344,
      "f": 0.9266616878
    },
    "root": {
      "p": 0.97206005,
      "r": 0.9634221947,
      "f": 0.9677218474
    },
    "rc": {
      "p": 0.6681818182,
      "r": 0.6591928251,
      "f": 0.6636568849
    },
    "op": {
      "p": 0.7401032702,
      "r": 0.6408345753,
      "f": 0.6869009585
    },
    "pm": {
      "p": 0.994269341,
      "r": 0.9971264368,
      "f": 0.9956958393
    },
    "nmc": {
      "p": 0.9826224329,
      "r": 0.9826224329,
      "f": 0.9826224329
    },
    "oa": {
      "p": 0.8570512821,
      "r": 0.8819261214,
      "f": 0.8693107932
    },
    "pd": {
      "p": 0.8424437299,
      "r": 0.7705882353,
      "f": 0.8049155146
    },
    "ep": {
      "p": 0.829787234,
      "r": 0.8796992481,
      "f": 0.8540145985
    },
    "cd": {
      "p": 0.8725743855,
      "r": 0.8714470284,
      "f": 0.8720103426
    },
    "cj": {
      "p": 0.8498293515,
      "r": 0.8594674556,
      "f": 0.8546212307
    },
    "da": {
      "p": 0.8368794326,
      "r": 0.6005089059,
      "f": 0.6992592593
    },
    "svp": {
      "p": 0.9383697813,
      "r": 0.9076923077,
      "f": 0.9227761486
    },
    "pg": {
      "p": 0.8782051282,
      "r": 0.872611465,
      "f": 0.875399361
    },
    "app": {
      "p": 0.6689655172,
      "r": 0.6531986532,
      "f": 0.660988075
    },
    "ac": {
      "p": 0.96,
      "r": 0.8205128205,
      "f": 0.8847926267
    },
    "pnc": {
      "p": 0.8587105624,
      "r": 0.812987013,
      "f": 0.8352234823
    },
    "ju": {
      "p": 0.94,
      "r": 0.9494949495,
      "f": 0.9447236181
    },
    "ng": {
      "p": 0.8073878628,
      "r": 0.8138297872,
      "f": 0.8105960265
    },
    "re": {
      "p": 0.7210884354,
      "r": 0.630952381,
      "f": 0.673015873
    },
    "par": {
      "p": 0.4794520548,
      "r": 0.3431372549,
      "f": 0.4
    },
    "cm": {
      "p": 0.8985507246,
      "r": 0.8942307692,
      "f": 0.8963855422
    },
    "cc": {
      "p": 0.730994152,
      "r": 0.6281407035,
      "f": 0.6756756757
    },
    "sbp": {
      "p": 0.9150943396,
      "r": 0.8362068966,
      "f": 0.8738738739
    },
    "uc": {
      "p": 1.0,
      "r": 0.3666666667,
      "f": 0.5365853659
    },
    "cvc": {
      "p": 0.7777777778,
      "r": 0.6202531646,
      "f": 0.6901408451
    },
    "ams": {
      "p": 0.7397260274,
      "r": 0.7941176471,
      "f": 0.7659574468
    },
    "rs": {
      "p": 0.75,
      "r": 0.3870967742,
      "f": 0.5106382979
    },
    "ph": {
      "p": 0.75,
      "r": 0.4285714286,
      "f": 0.5454545455
    },
    "dep": {
      "p": 0.0,
      "r": 0.0,
      "f": 0.0
    },
    "dm": {
      "p": 0.0,
      "r": 0.0,
      "f": 0.0
    },
    "oa2": {
      "p": 0.0,
      "r": 0.0,
      "f": 0.0
    },
    "vo": {
      "p": 0.0,
      "r": 0.0,
      "f": 0.0
    },
    "og": {
      "p": 0.2,
      "r": 0.1428571429,
      "f": 0.1666666667
    },
    "adc": {
      "p": 0.75,
      "r": 1.0,
      "f": 0.8571428571
    }
  },
  "lemma_acc": 0.9772709253,
  "speed": 8126.1328982808,
  "ents_p": 0.843459355,
  "ents_r": 0.8328327786,
  "ents_f": 0.8381123841,
  "ents_per_type": {
    "LOC": {
      "p": 0.8636925417,
      "r": 0.8702909831,
      "f": 0.8669792077
    },
    "PER": {
      "p": 0.883703806,
      "r": 0.9077672198,
      "f": 0.8955739005
    },
    "MISC": {
      "p": 0.7865967286,
      "r": 0.7114676322,
      "f": 0.747148289
    },
    "ORG": {
      "p": 0.7728731314,
      "r": 0.7422579675,
      "f": 0.7572562402
    }
  }
}